Workbook

Sheet Blad1
A1: Nr. | B1: Omschrijving | C1: Categorie | D1: ontbrekend
A2: SOB1501 | B2: 2-3 wegregelklep < DN 50 flens, incl. servomotor | C2: 2-3 wegregelklep | D2: =COUNTIF(Blad2!A:A,A2) -> 0
A3: SOB1502 | B3: 2-3 wegregelklep 3/8 inch-2 inch, incl. servomotor | C3: 2-3 wegregelklep | D3: =COUNTIF(Blad2!A:A,A3) -> 0
A4: SOB1503 | B4: 2-3 wegregelklep DN 100-150 flens, incl. servomotor | C4: 2-3 wegregelklep | D4: =COUNTIF(Blad2!A:A,A4) -> 0
A5: SOB1504 | B5: 2-3 wegregelklep DN 50-100 flens, incl. servomotor | C5: 2-3 wegregelklep | D5: =COUNTIF(Blad2!A:A,A5) -> 0
A6: SOB1505 | B6: Compensator | C6: Compensator | D6: =COUNTIF(Blad2!A:A,A6) -> 0
A7: SOB1506 | B7: Detectie-instrument | C7: Detector | D7: =COUNTIF(Blad2!A:A,A7) -> 0
A8: SOB1507 | B8: Diverse appendages | C8: Appendage | D8: =COUNTIF(Blad2!A:A,A8) -> 119
A9: SOB1508 | B9: Expansievat < 18 ltr | C9: Expansievat | D9: =COUNTIF(Blad2!A:A,A9) -> 0
A10: SOB1509 | B10: Gasdrukmanometer | C10: Opnemer | D10: =COUNTIF(Blad2!A:A,A10) -> 0
A11: SOB1510 | B11: Gewichtsveiligheidstoestel < 2 inch | C11: Gewichtsveiligheidstoestel | D11: =COUNTIF(Blad2!A:A,A11) -> 0
A12: SOB1511 | B12: Gewichtsveiligheidstoestel 100-150 mm | C12: Gewichtsveiligheidstoestel | D12: =COUNTIF(Blad2!A:A,A12) -> 0
A13: SOB1512 | B13: Gewichtsveiligheidstoestel 2 inch-100 mm | C13: Gewichtsveiligheidstoestel | D13: =COUNTIF(Blad2!A:A,A13) -> 0
... A75: SOB1574 | B75: Waterafscheider 2 inch-100 mm | C75: Waterafscheider | D75: =COUNTIF(Blad2!A:A,A75) -> 0
A76: SOB1575 | B76: Waterfscheider 3/8 inch- 2 inch | C76: #N/A | D76: =COUNTIF(Blad2!A:A,A76) -> 0
A77: SOB1576 | B77: Waterverbruiksmeter 100-200 mm | C77: verbruiksmeter | D77: =COUNTIF(Blad2!A:A,A77) -> 0
A78: SOB1577 | B78: Waterverbruiksmeter 2 inch-100 mm | C78: verbruiksmeter | D78: =COUNTIF(Blad2!A:A,A78) -> 0
A79: SOB1578 | B79: Wijzerthermometer | C79: thermometer | D79: =COUNTIF(Blad2!A:A,A79) -> 0
A80: SOB1579 | B80: Bedien en beheer computersysteem | C80: computersysteem | D80: =COUNTIF(Blad2!A:A,A80) -> 0
A81: SOB1580 | B81: Beheersysteem | C81: computersysteem | D81: =COUNTIF(Blad2!A:A,A81) -> 0
A82: SOB1581 | B82: Computersysteem | C82: computersysteem | D82: =COUNTIF(Blad2!A:A,A82) -> 0
A83: SOB1582 | B83: Controleronde | C83: Controleronde | D83: =COUNTIF(Blad2!A:A,A83) -> 0
A84: SOB1583 | B84: (Rein)Watertank | C84: Reinwatertank | D84: =COUNTIF(Blad2!A:A,A84) -> 0
A85: SOB1584 | B85: Aardings- en blikseminstallatie | C85: Blikseminstallatie | D85: =COUNTIF(Blad2!A:A,A85) -> 1
A86: SOB1585 | B86: Aspiratiesysteem (ASD rookdetectie) | C86: Aspiratiesysteem | D86: =COUNTIF(Blad2!A:A,A86) -> 0
A87: SOB1586 | B87: Bassin | C87: Sprinklerinstallatie | D87: =COUNTIF(Blad2!A:A,A87) -> 0
A88: SOB1587 | B88: Beheerders PC | C88: Sprinklerinstallatie | D88: =COUNTIF(Blad2!A:A,A88) -> 0
... A167: SOB1669 | B167: Vuurwerkkluis | C167: Sprinklerinstallatie | D167: =COUNTIF(Blad2!A:A,A167) -> 0
A168: SOB1670 | B168: Afwerkingspakketten | C168: #N/A | D168: =COUNTIF(Blad2!A:A,A168) -> 0
A169: SOB1671 | B169: Balustrades en leuningen | C169: Balustrades | D169: =COUNTIF(Blad2!A:A,A169) -> 0
A170: SOB1672 | B170: Beschermlagen | C170: #N/A | D170: =COUNTIF(Blad2!A:A,A170) -> 0
A171: SOB1673 | B171: Binnenwandafwerkingen | C171: Binnenwand | D171: =COUNTIF(Blad2!A:A,A171) -> 0
A172: SOB1674 | B172: Binnenwanden | C172: Binnenwand | D172: =COUNTIF(Blad2!A:A,A172) -> 0
A173: SOB1675 | B173: Binnenwandopening | C173: Binnenwand | D173: =COUNTIF(Blad2!A:A,A173) -> 0
A174: SOB1676 | B174: Bodemvoorzieningen | C174: #N/A | D174: =COUNTIF(Blad2!A:A,A174) -> 0
A175: SOB1677 | B175: Buitenwandafwerkingen | C175: Buitenwand | D175: =COUNTIF(Blad2!A:A,A175) -> 0
A176: SOB1678 | B176: Buitenwanden | C176: Buitenwand | D176: =COUNTIF(Blad2!A:A,A176) -> 0
A177: SOB1679 | B177: Buitenwandopeningen | C177: Buitenwand | D177: =COUNTIF(Blad2!A:A,A177) -> 0
A178: SOB1680 | B178: Dakafwerkingen | C178: #N/A | D178: =COUNTIF(Blad2!A:A,A178) -> 0
A179: SOB1681 | B179: Daken | C179: Omvormer | D179: =COUNTIF(Blad2!A:A,A179) -> 0
A180: SOB1682 | B180: Dakopeningen | C180: Zonnecollector | D180: =COUNTIF(Blad2!A:A,A180) -> 0
A181: SOB1683 | B181: Funderingsconstructies | C181: Zonnecollector | D181: =COUNTIF(Blad2!A:A,A181) -> 0
A182: SOB1684 | B182: Hoofddraagconstructie | C182: Hoofddraagconstructie | D182: =COUNTIF(Blad2!A:A,A182) -> 0
A183: SOB1685 | B183: Inbouwpakketten | C183: Inbouwpakketten | D183: =COUNTIF(Blad2!A:A,A183) -> 0
A184: SOB1686 | B184: Paalfunderingen | C184: Gasleiding | D184: =COUNTIF(Blad2!A:A,A184) -> 0
A185: SOB1687 | B185: Plafondafwerkingen | C185: Gasleiding | D185: =COUNTIF(Blad2!A:A,A185) -> 0
A186: SOB1688 | B186: Trap- en hellingafwerkingen | C186: Dakgully | D186: =COUNTIF(Blad2!A:A,A186) -> 0
A187: SOB1689 | B187: Trappen en hellingen | C187: Verdeler | D187: =COUNTIF(Blad2!A:A,A187) -> 0
A188: SOB1690 | B188: Vloerafwerkingen | C188: Verdeler | D188: =COUNTIF(Blad2!A:A,A188) -> 0
A189: SOB1691 | B189: Vloeren | C189: Verdeler | D189: =COUNTIF(Blad2!A:A,A189) -> 0
A190: SOB1692 | B190: Vloeren op grondslag | C190: Waterleiding | D190: =COUNTIF(Blad2!A:A,A190) -> 0
... A194: SOB1696 | B194: Brandslanghaspel | C194: Brandslanghaspel | D194: =COUNTIF(Blad2!A:A,A194) -> 0
A195: SOB1697 | B195: Brandweer aansluiting - hydrant (buiten) | C195: #N/A | D195: =COUNTIF(Blad2!A:A,A195) -> 0
A196: SOB1698 | B196: Droge blusleiding | C196: Blusleiding | D196: =COUNTIF(Blad2!A:A,A196) -> 0
A197: SOB1699 | B197: Handbrandblusser 2 ltr. | C197: Handbrandblusser | D197: =COUNTIF(Blad2!A:A,A197) -> 0
A198: SOB1700 | B198: Handbrandblusser 6 ltr. | C198: Handbrandblusser | D198: =COUNTIF(Blad2!A:A,A198) -> 0
A199: SOB1701 | B199: Handbrandblusser 9 ltr. | C199: Handbrandblusser | D199: =COUNTIF(Blad2!A:A,A199) -> 0
A200: SOB1702 | B200: Handbrandblusser vetblusser 6 ltr. | C200: Handbrandblusser | D200: =COUNTIF(Blad2!A:A,A200) -> 0
A201: SOB1703 | B201: Aanwezigheids-/beletsignalering MIVA | C201: MIVA | D201: =COUNTIF(Blad2!A:A,A201) -> 1
A202: SOB1704 | B202: Antenne-inrichting (CAI) | C202: Platenwisselaar | D202: =COUNTIF(Blad2!A:A,A202) -> 0
A203: SOB1705 | B203: Datainstallatie, Actieve componenten | C203: Platenwisselaar | D203: =COUNTIF(Blad2!A:A,A203) -> 0
A204: SOB1706 | B204: Hoofdtoestel telefoonsysteem | C204: TSA | D204: =COUNTIF(Blad2!A:A,A204) -> 0
A205: SOB1707 | B205: Intercom binnenpost | C205: TSA | D205: =COUNTIF(Blad2!A:A,A205) -> 0
A206: SOB1708 | B206: Intercom buitenpost | C206: Verdeler | D206: =COUNTIF(Blad2!A:A,A206) -> 0
A207: SOB1709 | B207: Intercominstallatie | C207: Verdeler | D207: =COUNTIF(Blad2!A:A,A207) -> 0
A208: SOB1710 | B208: Invalidevoorziening | C208: Invalidevoorziening | D208: =COUNTIF(Blad2!A:A,A208) -> 0
A209: SOB1711 | B209: Audio/Visuele middelen, Actieve componenten | C209: #N/A | D209: =COUNTIF(Blad2!A:A,A209) -> 0
A210: SOB1712 | B210: Personenzoekinstallatie | C210: Personenzoekinstallatie | D210: =COUNTIF(Blad2!A:A,A210) -> 0
A211: SOB1713 | B211: Telefoonsysteem | C211: Waterleiding | D211: =COUNTIF(Blad2!A:A,A211) -> 0
A212: SOB1714 | B212: Zuster/verpleeg oproepinstallatie | C212: Transportsysteem | D212: =COUNTIF(Blad2!A:A,A212) -> 0
A213: SOB1715 | B213: Bedienings- en signaleringspaneel | C213: Airconditioner | D213: =COUNTIF(Blad2!A:A,A213) -> 0
A214: SOB1716 | B214: Binnenverlichtingsarmatuur | C214: Airconditioner | D214: =COUNTIF(Blad2!A:A,A214) -> 0
A215: SOB1717 | B215: Buitenverlichtingsarmatuur | C215: Airconditioner | D215: =COUNTIF(Blad2!A:A,A215) -> 0
A216: SOB1718 | B216: Contactdoos | C216: Contactdoos | D216: =COUNTIF(Blad2!A:A,A216) -> 0
A217: SOB1719 | B217: Hoofd verdeelinrichting < 5 groepen | C217: Buffervat | D217: =COUNTIF(Blad2!A:A,A217) -> 0
A218: SOB1720 | B218: Hoofd verdeelinrichting > 20 groepen | C218: Hoofd verdeelinrichting | D218: =COUNTIF(Blad2!A:A,A218) -> 0
A219: SOB1721 | B219: Hoofd verdeelinrichting 13-20 groepen | C219: Hoofd verdeelinrichting | D219: =COUNTIF(Blad2!A:A,A219) -> 0
A220: SOB1722 | B220: Hoofd verdeelinrichting 5-8 groepen | C220: Hoofd verdeelinrichting | D220: =COUNTIF(Blad2!A:A,A220) -> 0
A221: SOB1723 | B221: Hoofd verdeelinrichting 9-12 groepen | C221: Hoofd verdeelinrichting | D221: =COUNTIF(Blad2!A:A,A221) -> 0
... A232: SOB1734 | B232: Reclameverlichting | C232: Reclameverlichting | D232: =COUNTIF(Blad2!A:A,A232) -> 0
A233: SOB1735 | B233: Aanzuigkorf | C233: #N/A | D233: =COUNTIF(Blad2!A:A,A233) -> 0
A234: SOB1736 | B234: Energiedak | C234: #N/A | D234: =COUNTIF(Blad2!A:A,A234) -> 0
A235: SOB1737 | B235: Filterinstallatie | C235: Filterinstallatie | D235: =COUNTIF(Blad2!A:A,A235) -> 0
A236: SOB1738 | B236: Laadpaal | C236: Laadpaal | D236: =COUNTIF(Blad2!A:A,A236) -> 0
A237: SOB1739 | B237: Omstelklep | C237: Omstelklep | D237: =COUNTIF(Blad2!A:A,A237) -> 0
A238: SOB1740 | B238: Omvormer PV-panelen | C238: GKW-leiding | D238: =COUNTIF(Blad2!A:A,A238) -> 0
A239: SOB1741 | B239: PV-paneel | C239: PV-paneel | D239: =COUNTIF(Blad2!A:A,A239) -> 0
A240: SOB1742 | B240: Transportpomp | C240: pomp | D240: =COUNTIF(Blad2!A:A,A240) -> 0
A241: SOB1743 | B241: Zonnecollector < 25 kW (K + W water) | C241: Koelgasleiding | D241: =COUNTIF(Blad2!A:A,A241) -> 0
A242: SOB1744 | B242: Zonnecollector 25-75 kW (K + W water) | C242: Koelgasleiding | D242: =COUNTIF(Blad2!A:A,A242) -> 0
A243: SOB1745 | B243: Zonnecollector 75-150 kW (K + W water) | C243: Koelplafond | D243: =COUNTIF(Blad2!A:A,A243) -> 0
A244: SOB1746 | B244: Gasfilter | C244: Gasfilter | D244: =COUNTIF(Blad2!A:A,A244) -> 0
A245: SOB1747 | B245: Gasleiding 1 1/2 inch-89 mm | C245: Gasleiding | D245: =COUNTIF(Blad2!A:A,A245) -> 0
A246: SOB1748 | B246: Gasleiding 3/8 inch-1 1/2 inch | C246: Platenwisselaar | D246: =COUNTIF(Blad2!A:A,A246) -> 0
... A283: SOB1785 | B283: Pompput 10-25 m3/h (K + W water) | C283: pomp | D283: =COUNTIF(Blad2!A:A,A283) -> 0
A284: SOB1787 | B284: TSA stoom - WW < 300 kW (K + W water) | C284: Batterij | D284: =COUNTIF(Blad2!A:A,A284) -> 0 | L284: + | M284: W | N284: water)
A285: SOB1788 | B285: TSA stoom - WW > 300 kW (K + W water) | C285: Batterij | D285: =COUNTIF(Blad2!A:A,A285) -> 0 | L285: + | M285: W | N285: water)
A286: SOB1789 | B286: Verdeler < 5 groepen (K + W water) | C286: Brandklep | D286: =COUNTIF(Blad2!A:A,A286) -> 0
A287: SOB1790 | B287: Verdeler 4-8 groepen (K + W water) | C287: Brandklep | D287: =COUNTIF(Blad2!A:A,A287) -> 0
A288: SOB1791 | B288: Verdeler 8-12 groepen (K + W water) | C288: Brandklep | D288: =COUNTIF(Blad2!A:A,A288) -> 0
...

Sheet Blad2
A1: SOB1507
A2: SOB2156
A3: SOB1507
A4: SOB1507
A5: SOB2284
A6: SOB1507
A7: SOB2156
A8: SOB2284
A9: SOB2156
A10: SOB1726
A11: SOB2156
A12: SOB2156
... A321: SOB1507
